pathway,pvalue,overlap_count,pathway_size,overlap_genes,signature
KEGG_P53_SIGNALING_PATHWAY,4.421541679806674e-06,37,68,"SERPINB5,TP53,ATR,SESN1,PMAIP1,PIDD1,TSC2,GADD45A,ZMAT3,CCND3,BBC3,TP73,PTEN,IGFBP3,CCNB1,MDM2,RRM2B,PPM1D,GADD45B,CASP9,CDKN1A,TNFRSF10B,CYCS,BAX,FAS,SESN2,CCNG2,MDM4,GTSE1,DDB2,CASP3,SIAH1,RRM2,CDK6,CCNB2,TP53AIP1,COP1",H2O2_p05
KEGG_CELL_CYCLE,0.0038847941814298694,49,124,"MCM3,TP53,E2F3,TTK,BUB1B,TGFB2,GADD45A,CDC25C,CCND3,CDC16,MDM2,CCNB1,CDC20,RBL1,YWHAG,SKP2,PCNA,ANAPC1,MCM6,CCNA1,MCM7,GADD45B,TFDP1,SMAD4,CDKN1A,SMAD2,ANAPC5,MCM5,CCNH,CDC25A,CCNA2,BUB1,CDK7,ORC1,CDC6,ANAPC4,STAG1,PLK1,MCM4,PRKDC,MYC,SMC3,CDC26,TFDP2,CDKN1C,ORC2,CDK6,CCNB2,ATR",H2O2_p05
KEGG_MAPK_SIGNALING_PATHWAY,0.004416861102518769,95,267,"CHP1,HSPA1L,DUSP8,PLA2G10,DUSP14,DUSP1,CACNA2D4,NR4A1,PLA2G12B,CACNG6,SOS2,ELK4,PPP3CB,GNG12,CACNA1I,CACNG5,ATF4,MAPT,MAP3K20,RASGRP4,HSPA6,MAP3K2,PRKACB,DUSP5,CACNG7,MAPK8IP2,PPM1B,DUSP10,MAPK11,STK4,PPP3CA,TAOK2,HSPB1,MAP3K8,CD14,HSPA1B,MAP3K1,CACNA1G,CACNA1C,PRKCB,IL1B,NGF,PTPRR,MAPKAPK3,NFATC2,MAPK1,FOS,PLA2G6,TAOK1,FGFR3,AKT3,NF1,CHUK,PAK1,MAP2K5,TGFB2,TGFBR1,GADD45A,MAPK14,IL1R2,ATF2,GADD45B,MAP2K3,FAS,CACNG1,NTRK1,RASGRF2,FLNC,PTPN5,SOS1,MYC,NFATC4,MAP4K3,TP53,PRKCG,MAPK7,FGF6,MAP4K1,RASGRP1,STK3,RASA1,FGF22,TRAF2,RASGRP2,PDGFA,JUN,CACNG4,CACNA1A,FGF18,CASP3,DUSP4,DUSP3,FGFR4,EGFR,MAP2K6",H2O2_p05
KEGG_AXON_GUIDANCE,0.005577252545162253,50,129,"CFL1,NCK1,CHP1,NTNG1,PAK1,PPP3CA,SEMA6C,NTN3,UNC5A,SRGAP1,SEMA4C,DPYSL2,GNAI3,SEMA5A,RND1,EFNA5,NGEF,ARHGEF12,UNC5B,SLIT1,SEMA3F,RASA1,ROBO3,PPP3CB,SEMA4A,SEMA7A,LRRC4C,ABLIM1,MET,NTN1,CDK5,NFATC2,MAPK1,SEMA3G,RHOD,ROCK2,EPHA8,PLXNA2,CXCR4,EFNA2,SEMA6A,RGS3,NFATC4,SEMA4D,EPHB2,PAK5,PTK2,EPHA2,FES,EFNB1",H2O2_p05
KEGG_CALCIUM_SIGNALING_PATHWAY,0.007593353152986312,65,177,"CHP1,P2RX3,PDE1C,CAMK2A,PPP3CA,GNAQ,PHKG1,ERBB4,PRKCG,BDKRB1,CACNA1G,SLC25A31,ITPKB,CACNA1C,CHRNA7,PRKCB,SLC8A2,P2RX7,ERBB3,P2RX2,GNA11,PHKA2,RYR1,MYLK,ATP2B3,SLC25A4,PPP3CB,ADRB2,HRH1,CACNA1I,HTR6,ADCY8,NOS3,ITPR2,PTK2B,P2RX1,GRIN2C,PTGER3,CD38,PLCD4,SLC8A1,CACNA1A,PLCB4,ATP2A1,ATP2A3,TACR2,PHKB,PHKA1,PRKACB,ATP2A2,PTAFR,ADCY7,F2R,TNNC2,NTSR1,ITPR1,PLCB2,EGFR,VDAC3,CHRM3,CYSLTR1,GNAL,SPHK2,ADCY4,PLCE1",H2O2_p05
KEGG_CELL_ADHESION_MOLECULES_CAMS,0.01284390764104469,49,131,"CLDN23,ITGB2,ICOSLG,HLA-DMA,NRXN2,NEGR1,CLDN15,CLDN16,ITGB7,CD274,CLDN14,OCLN,NLGN2,CD6,CLDN5,ITGB8,CD276,NECTIN3,CNTN2,CADM1,SELPLG,MADCAM1,ITGA4,ITGAV,ITGAM,CDH15,CLDN6,ALCAM,SDC1,NCAM2,CLDN10,CD58,NLGN1,NLGN3,ESAM,ICAM3,CD4,NECTIN1,ITGA9,CD28,CDH5,CLDN4,PTPRM,NEO1,GLG1,CLDN9,CTLA4,HLA-DMB,F11R",H2O2_p05
KEGG_ENDOCYTOSIS,0.01720087391714497,64,180,"GRK5,EPN2,HSPA1L,RNF41,GRK4,ERBB4,HSPA1B,PIKFYVE,IQSEC1,SH3KBP1,VPS37D,ACAP1,GRK6,SRC,PIP5K1A,PARD6B,MDM2,CBLB,ERBB3,CHMP5,PSD2,PIP5K1C,PSD,VPS45,LDLRAP1,ADRB2,GRK3,RBSN,MET,RAB5A,RAB11FIP1,PARD6G,IQSEC3,SMURF2,SMURF1,VPS4B,ITCH,EPS15,PLD1,GRK1,NTRK1,AGAP1,HSPA6,EPN3,CXCR4,RAB4A,RET,F2R,FGFR3,SMAP2,RAB11FIP2,PSD4,EHD1,IL2RB,USP8,GRK7,FGFR4,ACAP3,EGFR,PSD3,PARD3,STAM2,ASAP1,VPS37B",H2O2_p05
KEGG_LEUKOCYTE_TRANSENDOTHELIAL_MIGRATION,0.01895257005162247,43,115,"MAPK11,CLDN23,ITGB2,RHOH,RAPGEF4,CLDN15,CLDN16,ARHGAP35,ARHGAP5,PRKCG,GNAI3,MAPK14,RASSF5,CTNNB1,CLDN14,PRKCB,OCLN,MYL5,CLDN5,VASP,VCL,EZR,ACTN3,ITGA4,ITGAM,CLDN6,ROCK2,CLDN10,PTK2B,PIK3R1,CXCR4,ESAM,CTNND1,PIK3CD,VAV1,NCF1,PTK2,CDH5,CLDN4,CLDN9,TXK,PIK3CB,F11R",H2O2_p05
KEGG_CITRATE_CYCLE_TCA_CYCLE,0.023143522128121704,14,30,"ACO2,DLST,IDH3B,CS,ACO1,DLD,IDH3G,SUCLG2,SDHB,OGDH,FH,PDHB,SUCLA2,IDH2",H2O2_p05
KEGG_GNRH_SIGNALING_PATHWAY,0.02367910127587285,38,101,"MAPK11,CAMK2A,GNAQ,PLA2G10,MAPK7,ADCY5,MAP3K1,MAPK14,CACNA1C,SRC,PRKCB,PRKCD,PLA2G12B,GNA11,SOS2,MAP2K3,GNRH2,MAPK1,ATF4,ADCY8,ADCY6,HBEGF,ITPR2,PTK2B,PLD1,MMP14,JUN,PLCB4,SOS1,PLA2G6,MAP3K2,PRKACB,ADCY7,ITPR1,PLCB2,EGFR,MAP2K6,ADCY4",H2O2_p05
KEGG_COLORECTAL_CANCER,0.025323357667516908,25,62,"TP53,BCL2,TGFB2,TGFBR1,PIK3CB,CTNNB1,TCF7L1,MSH2,CASP9,SMAD2,MSH6,APC,APPL1,CYCS,BAX,MAPK1,FOS,JUN,PIK3R1,PIK3CD,CASP3,MYC,AKT3,SMAD4,MSH3",H2O2_p05
KEGG_ARRHYTHMOGENIC_RIGHT_VENTRICULAR_CARDIOMYOPATHY_ARVC,0.025478452062002867,29,74,"CACNA2D4,SGCD,ITGA1,CACNA1C,ITGB7,CTNNB1,TCF7L1,ITGB8,CACNG6,DSC2,ACTN3,ITGA4,LAMA2,DMD,ITGAV,CACNG5,GJA1,CACNG1,LMNA,CACNG4,SLC8A1,ITGA10,ATP2A2,ITGA9,SGCB,ITGB6,PKP2,CACNG7,SGCA",H2O2_p05
KEGG_DILATED_CARDIOMYOPATHY,0.02925582007083581,34,90,"TTN,TPM1,TGFB2,ADCY5,CACNA2D4,SGCD,ITGA1,CACNA1C,ITGB7,ITGB8,CACNG6,ITGA4,LAMA2,DMD,ITGAV,CACNG5,ADCY8,ADCY6,TNNT2,CACNG1,LMNA,CACNG4,SLC8A1,MYBPC3,ITGA10,PRKACB,ATP2A2,ITGA9,SGCB,ADCY7,ITGB6,CACNG7,SGCA,ADCY4",H2O2_p05
KEGG_PATHWAYS_IN_CANCER,0.030850026025884825,107,325,"E2F3,RALBP1,PTCH2,SPI1,WNT3,SOS2,ITGAV,TRAF4,MET,BAX,DVL3,CUL2,FZD6,FZD7,STK4,WNT8B,KITLG,FH,FZD1,FZD5,TPR,ARNT,PRKCB,BMP2,CCNA1,CASP9,APC,MAPK1,FOS,PPARD,PLD1,WNT10A,COL4A6,PIK3R1,RET,FGFR3,FZD2,PTK2,CDK6,DAPK2,AKT3,BCL2L1,PIK3CB,CHUK,AR,BCL2,TGFB2,EGLN3,TGFBR1,DAPK1,PTCH1,PIAS1,TRAF5,SKP2,LAMA2,STAT1,LAMA4,CDKN1A,SMAD2,MSH6,PIAS2,CSF2RA,FAS,NTRK1,WNT7B,SOS1,PIK3CD,MTOR,MYC,STAT3,PAX8,PIAS3,WNT3A,SMAD4,MSH3,TP53,FZD3,PRKCG,FOXO1,FGF6,RASSF5,CTNNB1,PTEN,MDM2,CBLB,TCF7L1,MITF,MSH2,FGF22,LAMA3,APPL1,SLC2A1,TRAF2,CYCS,BMP4,RUNX1,PDGFA,JUN,WNT5B,FGF18,CASP3,SHH,PGF,EGFR,COL4A4,FLT3,CEBPA",H2O2_p05
KEGG_WNT_SIGNALING_PATHWAY,0.03153620835338383,53,150,"CHP1,TP53,CAMK2A,WNT8B,PPP3CA,FZD3,DKK4,FRAT1,PRKCG,PORCN,FZD1,TBL1X,CCND3,FZD5,SFRP1,CACYBP,CTNNB1,PRKCB,WNT3,TCF7L1,PPP3CB,FOSL1,SMAD2,APC,PPP2R5D,PSEN1,NFATC2,DVL3,PPARD,ROCK2,TBL1XR1,WNT10A,JUN,PPP2R1B,PLCB4,WNT7B,WNT5B,PRKACB,SIAH1,MYC,NFATC4,DAAM1,FZD2,PLCB2,FZD6,CSNK1A1,FZD7,RUVBL1,NKD1,WNT3A,DAAM2,SMAD4,PPP2R5E",H2O2_p05
KEGG_MISMATCH_REPAIR,0.034775578482945504,11,23,"RFC5,RFC3,MLH3,PCNA,MSH2,POLD3,RFC2,PMS2,RFC4,MSH6,MSH3",H2O2_p05
KEGG_TGF_BETA_SIGNALING_PATHWAY,0.03535838418259112,32,85,"SMAD9,TGFB2,GDF5,TGFBR1,INHBC,ZFYVE9,INHBA,RBL1,BMP2,GDF6,BMPR2,TFDP1,SMAD2,AMHR2,MAPK1,BMP4,SMURF2,SMURF1,ROCK2,ZFYVE16,BMPR1A,INHBB,PPP2R1B,NODAL,THBS3,INHBE,MYC,AMH,SMAD7,FST,BMP6,SMAD4",H2O2_p05
KEGG_BASAL_CELL_CARCINOMA,0.037819955755416995,22,55,"TP53,WNT8B,FZD3,PTCH2,PTCH1,FZD1,FZD5,CTNNB1,WNT3,TCF7L1,BMP2,APC,BMP4,DVL3,WNT10A,WNT7B,WNT5B,SHH,FZD2,FZD6,FZD7,WNT3A",H2O2_p05
KEGG_HYPERTROPHIC_CARDIOMYOPATHY_HCM,0.04217176752754542,31,83,"PRKAB1,TTN,TPM1,TGFB2,CACNA2D4,SGCD,PRKAA2,ITGA1,CACNA1C,ITGB7,ITGB8,CACNG6,ITGA4,LAMA2,DMD,ITGAV,CACNG5,PRKAA1,TNNT2,CACNG1,LMNA,CACNG4,SLC8A1,MYBPC3,ITGA10,ATP2A2,ITGA9,SGCB,ITGB6,CACNG7,SGCA",H2O2_p05
KEGG_VALINE_LEUCINE_AND_ISOLEUCINE_BIOSYNTHESIS,0.04438637180719758,5,8,"LARS2,IARS2,VARS2,BCAT1,PDHB",H2O2_p05
KEGG_P53_SIGNALING_PATHWAY,5.441527757515311e-06,29,68,"PMAIP1,PIDD1,GADD45A,ZMAT3,BBC3,TP73,PTEN,IGFBP3,CCNB1,MDM2,RRM2B,PPM1D,GADD45B,CASP9,CDKN1A,TNFRSF10B,BAX,FAS,SESN2,CCNG2,MDM4,DDB2,CASP3,SIAH1,RRM2,CDK6,CCNB2,TP53AIP1,ATR",H2O2_p01
KEGG_CELL_CYCLE,0.0010812450666822702,38,124,"E2F3,TTK,BUB1B,TGFB2,GADD45A,CDC25C,CDC16,MDM2,CCNB1,CDC20,SKP2,PCNA,MCM6,CCNA1,GADD45B,CDKN1A,SMAD2,ANAPC5,MCM5,CCNH,CDC25A,CCNA2,BUB1,ORC1,CDC6,ANAPC4,STAG1,PLK1,MCM4,PRKDC,SMC3,CDC26,TFDP2,CDKN1C,ORC2,CDK6,CCNB2,ATR",H2O2_p01
KEGG_CALCIUM_SIGNALING_PATHWAY,0.00748336628688032,47,177,"CHP1,P2RX3,PDE1C,CAMK2A,PPP3CA,GNAQ,PHKG1,ERBB4,PRKCG,BDKRB1,CACNA1G,ITPKB,CACNA1C,SLC8A2,P2RX7,P2RX2,PHKA2,RYR1,MYLK,ATP2B3,ADRB2,HRH1,CACNA1I,HTR6,ADCY8,NOS3,GRIN2C,PTGER3,CD38,SLC8A1,PLCB4,ATP2A1,ATP2A3,TACR2,ATP2A2,TNNC2,F2R,NTSR1,ITPR1,PLCB2,EGFR,VDAC3,CHRM3,CYSLTR1,GNAL,PTK2B,PLCE1",H2O2_p01
KEGG_DORSO_VENTRAL_AXIS_FORMATION,0.008369990857182779,10,24,"MAPK1,ETV6,EGFR,SOS2,CPEB1,PIWIL2,PIWIL4,NOTCH1,SOS1,SPIRE2",H2O2_p01
KEGG_HYPERTROPHIC_CARDIOMYOPATHY_HCM,0.017402581791348706,24,83,"PRKAB1,TTN,TPM1,TGFB2,CACNA2D4,SGCD,PRKAA2,ITGA1,CACNA1C,ITGB7,ITGB8,CACNG6,ITGA4,LAMA2,DMD,PRKAA1,TNNT2,SLC8A1,MYBPC3,ITGA10,ATP2A2,ITGA9,ITGB6,CACNG7",H2O2_p01
KEGG_GNRH_SIGNALING_PATHWAY,0.019212567621029467,28,101,"CAMK2A,GNAQ,PLA2G10,MAPK7,ADCY5,MAP3K1,CACNA1C,PRKCD,PLA2G12B,SOS2,MAP2K3,GNRH2,MAPK1,ATF4,ADCY8,ADCY6,HBEGF,PLD1,JUN,PLCB4,SOS1,PLA2G6,MAP3K2,ITPR1,PLCB2,EGFR,MAP2K6,PTK2B",H2O2_p01
KEGG_ARRHYTHMOGENIC_RIGHT_VENTRICULAR_CARDIOMYOPATHY_ARVC,0.03050171774957191,21,74,"CACNA2D4,SGCD,ITGA1,CACNA1C,ITGB7,TCF7L1,ITGB8,CACNG6,DSC2,ACTN3,ITGA4,LAMA2,DMD,GJA1,SLC8A1,ITGA10,ATP2A2,ITGA9,ITGB6,PKP2,CACNG7",H2O2_p01
KEGG_MAPK_SIGNALING_PATHWAY,0.031189957386861894,63,267,"DUSP10,CHP1,STK4,PAK1,DUSP8,PPP3CA,MAP3K8,PLA2G10,TGFB2,DUSP14,TGFBR1,PRKCG,DUSP1,CACNA2D4,MAP3K1,GADD45A,NR4A1,CACNA1G,MAPK7,FGF6,CACNA1C,RASGRP1,IL1R2,IL1B,PLA2G12B,NGF,CACNG6,SOS2,ATF2,FGF22,ELK4,GADD45B,CACNA1I,MAP2K3,TRAF2,MAPKAPK3,NFATC2,ATF4,MAPK1,FAS,RASGRP2,FOS,PDGFA,MAP3K20,JUN,RASGRP4,FGF18,RASGRF2,FLNC,PTPN5,PLA2G6,SOS1,CASP3,MAP3K2,TAOK1,DUSP4,CACNG7,FGFR4,EGFR,MAP2K6,MAP4K3,NF1,PPM1B",H2O2_p01
KEGG_DILATED_CARDIOMYOPATHY,0.043857895255878875,24,90,"TTN,TPM1,TGFB2,ADCY5,CACNA2D4,SGCD,ITGA1,CACNA1C,ITGB7,ITGB8,CACNG6,ITGA4,LAMA2,DMD,ADCY8,ADCY6,TNNT2,SLC8A1,MYBPC3,ITGA10,ATP2A2,ITGA9,ITGB6,CACNG7",H2O2_p01
KEGG_GLYOXYLATE_AND_DICARBOXYLATE_METABOLISM,0.06450755748352521,6,16,"ACO2,ACO1,MTHFD1L,CS,PGP,MTHFD2L",H2O2_p01
KEGG_PANTOTHENATE_AND_COA_BIOSYNTHESIS,0.06450755748352521,6,16,"COASY,DPYD,PANK1,DPYS,BCAT1,PANK2",H2O2_p01
KEGG_OOCYTE_MEIOSIS,0.06577022451220507,28,112,"CHP1,CAMK2A,PPP3CA,ADCY5,CDC25C,CDC16,CCNB1,CDC20,PPP1CB,PPP1CC,CPEB1,ANAPC5,PPP2R5D,AURKA,MAPK1,ADCY8,ADCY6,BUB1,ANAPC4,PPP2R1B,PLK1,SMC3,CDC26,ITPR1,SPDYA,CCNB2,PPP2R5E,REC8",H2O2_p01
KEGG_PATHWAYS_IN_CANCER,0.07613495395628556,72,325,"STK4,E2F3,RALBP1,WNT8B,TGFB2,PRKCG,TGFBR1,PTCH2,KITLG,SPI1,PTCH1,DAPK1,FGF6,FZD1,FOXO1,PIAS1,TPR,ARNT,PTEN,MDM2,RASSF5,WNT3,TCF7L1,TRAF5,SKP2,MITF,MSH2,CCNA1,FGF22,SOS2,LAMA3,STAT1,LAMA2,CASP9,LAMA4,CDKN1A,SMAD2,APPL1,APC,MET,TRAF2,PIAS2,SLC2A1,BAX,MAPK1,FAS,DVL3,FOS,RUNX1,PLD1,PDGFA,COL4A6,JUN,PIK3R1,WNT7B,WNT5B,FGF18,SOS1,CASP3,MTOR,RET,SHH,PGF,FZD2,PAX8,EGFR,CDK6,FZD7,CEBPA,WNT3A,PIK3CB,MSH3",H2O2_p01
KEGG_ETHER_LIPID_METABOLISM,0.07828560532064378,10,33,"PAFAH2,PAFAH1B1,PLPP3,PLA2G12B,PLA2G10,PLA2G6,PLD1,LPCAT2,LPCAT1,AGPS",H2O2_p01
KEGG_NON_HOMOLOGOUS_END_JOINING,0.08091336836835028,5,13,"XRCC4,PRKDC,XRCC5,LIG4,POLM",H2O2_p01
KEGG_CITRATE_CYCLE_TCA_CYCLE,0.0972617315981058,9,30,"ACO2,ACO1,CS,DLD,IDH3G,SUCLG2,SDHB,SUCLA2,IDH2",H2O2_p01
KEGG_GAP_JUNCTION,0.10398781986181707,22,89,"GNAQ,PRKCG,ADCY5,MAPK7,GNAI3,TUBB1,SOS2,GJA1,MAPK1,ADCY8,ADCY6,TUBA1A,PDGFA,DRD2,GUCY1A2,PLCB4,TUBA4A,SOS1,MAP3K2,ITPR1,PLCB2,EGFR",H2O2_p01
KEGG_PROGESTERONE_MEDIATED_OOCYTE_MATURATION,0.11069839433218616,21,85,"ADCY5,GNAI3,CDC25C,CDC16,CCNB1,CCNA1,CPEB1,ANAPC5,CDC25A,MAPK1,ADCY8,ADCY6,CCNA2,BUB1,PIK3R1,ANAPC4,PLK1,CDC26,SPDYA,CCNB2,PIK3CB",H2O2_p01
KEGG_COLORECTAL_CANCER,0.11151680447437952,16,62,"TCF7L1,BAX,MAPK1,MSH2,FOS,TGFB2,TGFBR1,APC,JUN,PIK3R1,CASP9,PIK3CB,CASP3,SMAD2,APPL1,MSH3",H2O2_p01
KEGG_CARDIAC_MUSCLE_CONTRACTION,0.1257040135100533,19,77,"TPM1,CACNA2D4,ATP1A4,MT-CYB,CACNA1C,UQCRHL,MT-CO3,MT-CO1,CACNG6,SLC9A6,TNNT2,COX4I2,SLC8A1,ATP1B1,ATP2A2,CACNG7,COX6B2,MT-CO2,UQCRC2",H2O2_p01
KEGG_RIBOSOME,7.563163985045795e-20,65,86,"RPL39,RPS16,RPS6,RPL41,RPL27A,RPL30,RPS24,RSL24D1,RPL24,RPL29,RPL18,RPS28,RPS3A,RPL37A,RPL35,RPL10A,RPS18,RPL12,RPL37,RPLP0,RPS19,FAU,RPL19,RPL23A,RPS5,RPL13,RPS4Y1,RPL5,RPL18A,RPL13A,RPL38,RPS8,RPL8,RPL7,RPL14,RPLP1,RPL23,RPL9,RPS15A,RPL36AL,RPS13,RPS27A,RPLP2,RPSA,RPS20,RPL34,RPL27,RPS23,RPS2,RPS25,RPS9,RPS21,RPL31,RPL11,RPL28,RPS27,RPL3,RPL36,RPL7A,RPS12,RPS7,RPS11,RPS29,RPS3,RPL10",Rescue_p05
KEGG_FOCAL_ADHESION,8.144733868432337e-10,96,198,"ACTG1,ITGA5,ITGB5,COL6A6,SRC,COL11A1,PARVB,PDGFB,RAC2,ITGAV,TNC,MYL9,BCAR1,COL5A1,MYL12B,CRK,VEGFB,ELK1,COL4A1,RAC3,AKT1,PAK4,FLNA,RELN,MAP2K1,COL6A1,LAMB2,ACTN1,COL1A1,LAMB3,ERBB2,ARHGAP35,ITGA11,ITGA1,HRAS,ITGB7,PDGFRA,PRKCB,PIP5K1C,VAV2,SHC2,THBS1,ZYX,ITGA4,PPP1CA,ROCK2,RASGRF1,PDGFC,PIK3CA,FLNB,ITGA10,ACTN4,THBS3,ITGB1,ITGA3,PTK2,SHC4,SPP1,PIK3R3,BCL2,PAK1,ARHGAP5,MYL12A,SHC1,LAMA2,LAMC2,FLNC,PIK3CD,VEGFA,FYN,CAPN2,ITGA7,LAMB1,GRB2,ACTB,CCND1,PRKCG,PXN,VASP,PPP1CB,PPP1CC,MYLK,LAMA3,FN1,COL5A2,MAPK10,TNN,PDGFA,COL4A2,PARVA,RAPGEF1,PDGFD,ILK,IGF1R,COL4A4,ITGA2",Rescue_p05
KEGG_HUNTINGTONS_DISEASE,5.335401689782577e-09,86,177,"ATP5F1E,ATP5MC3,DCTN1,MT-CYB,PLCB3,NDUFC1,VDAC1,MT-ATP6,SLC25A6,COX7A1,BAX,COX6C,EP300,NDUFS5,DNAH3,BDNF,SP1,NDUFB10,GPX1,MT-CO2,UQCRC1,VDAC2,UQCRQ,NDUFA1,POLR2J3,COX4I1,SDHC,CASP8,SIN3A,COX5A,CREB3,COX6B1,POLR2G,ATP5PB,PPARGC1A,NRF1,HIP1,CREB3L2,POLR2A,NDUFA3,PLCB4,AP2A1,CLTB,AP2B1,NDUFA5,UQCR10,TFAM,TGM2,NDUFA4,CREB3L1,POLR2J,AP2S1,COX7C,POLR2L,UQCRH,CLTA,GRIN2B,DCTN4,MT-ATP8,NDUFS8,NDUFB7,POLR2H,AP2M1,TAF4B,NDUFS6,ITPR1,ATP5F1D,UQCRB,ATP5MC2,COX5B,NDUFB2,POLR2F,DCTN2,CREBBP,MT-CO3,MT-CO1,POLR2B,NDUFV1,SLC25A4,CYC1,DNALI1,COX7A2L,POLR2E,NDUFB6,NDUFA6,UQCRC2",Rescue_p05
KEGG_ECM_RECEPTOR_INTERACTION,2.2452385010044545e-06,44,84,"COL1A1,LAMB3,ITGA5,ITGA11,ITGA1,ITGB5,COL6A6,ITGB7,COL11A1,CD47,CD44,DAG1,THBS1,ITGA4,LAMA2,HSPG2,LAMA3,FN1,ITGAV,COL5A2,TNC,LAMC2,SDC1,TNN,COL5A1,SDC3,HMMR,AGRN,COL4A2,ITGA10,GP6,THBS3,ITGB1,ITGA3,COL4A1,SDC2,COL4A4,COL6A1,RELN,ITGA7,ITGA2,LAMB1,SPP1,LAMB2",Rescue_p05
KEGG_AXON_GUIDANCE,2.6600352714001346e-06,61,129,"NCK1,NTNG1,PAK1,SEMA3C,SEMA6C,CXCL12,NFATC1,SEMA4C,EPHA5,SRGAP2,SEMA5A,EFNA5,ABL1,HRAS,EPHA3,SEMA4F,PLXNA1,EPHA4,EFNB3,UNC5B,SEMA3A,GNAI2,RAC2,PLXNB3,SEMA3F,RASA1,ROBO3,SEMA3B,LIMK1,SEMA4A,SEMA7A,NRP1,L1CAM,CDK5,PLXNA3,NFATC2,RHOD,ROCK2,SEMA6D,ROBO1,NCK2,PLXNA2,SLIT3,SRGAP3,SEMA3D,ITGB1,NFAT5,SEMA3E,SEMA5B,EPHB4,EPHB2,RAC3,SEMA4B,PAK4,PTK2,EPHA2,LIMK2,FYN,PLXNC1,ABLIM3,NFATC3",Rescue_p05
KEGG_CELL_CYCLE,3.0045297895220604e-06,59,124,"TGFB1,ORC6,MCM3,ZBTB17,TTK,STAG2,BUB1B,CCND1,YWHAQ,TGFB2,ABL1,CDC25C,CREBBP,MDM2,CCNB1,CDC20,RBL1,CUL1,PCNA,ANAPC1,MCM6,CHEK2,RBX1,E2F4,CDC45,CDC25B,GADD45B,CDK1,CDKN1A,MCM5,CCNH,ATM,E2F2,CCNA2,EP300,YWHAH,BUB1,CDC7,SMAD3,ESPL1,FZR1,ORC1,RAD21,CDC6,SMC1A,STAG1,PLK1,ORC3,MCM4,PTTG1,PRKDC,SMC3,RB1,CCNE2,CDK6,CDC14A,CCNB2,ORC5,ATR",Rescue_p05
KEGG_PATHWAYS_IN_CANCER,6.279737599884036e-06,128,325,"MMP2,FGF12,BIRC5,TGFA,HSP90AA1,BRCA2,PDGFB,ELOB,RAC2,ITGAV,RXRA,TRAF4,CBLC,BAX,FGF11,E2F2,EP300,DVL3,PLCG2,CRK,ARNT2,VEGFB,MECOM,COL4A1,RAC3,AKT1,CCNE2,MAP2K1,FZD4,LAMB2,FGF5,LAMB3,ERBB2,CTBP1,HSP90AB1,HRAS,TPR,ARNT,PDGFRA,CASP8,PRKCB,BMP2,RBX1,DAPK3,BCR,FOS,PPARD,PLD1,SMAD3,WNT9A,TPM3,PIK3CA,STAT5A,ITGB1,ITGA3,FZD2,PTK2,CDK6,RALA,DAPK2,DVL1,BCL2L1,AR,PIK3R3,BCL2,HIF1A,TGFB2,DAPK1,PTCH1,EPAS1,ABL1,PIAS1,TRAF5,FADD,LEF1,LAMA2,STAT1,STK36,CDKN1A,LAMC2,PIAS2,JAK1,CCDC6,FGF2,MAP2K2,PIK3CD,VEGFA,MTOR,AXIN1,STAT3,RB1,BID,LAMB1,APC2,GLI3,GRB2,MSH3,TGFB1,RAD51,CCND1,PRKCG,JUP,RARA,FOXO1,CREBBP,MDM2,CBLB,MITF,MSH2,HSP90B1,WNT2B,LAMA3,FN1,GSTP1,FGF1,NCOA4,MAPK10,WNT5A,SLC2A1,BMP4,PDGFA,FGF18,COL4A2,MLH1,IGF1R,COL4A4,FZD8,ITGA2",Rescue_p05
KEGG_PARKINSONS_DISEASE,9.608202982777576e-06,58,125,"ATP5F1E,UQCRQ,NDUFA1,ATP5MC2,MT-ND4L,COX5B,ATP5MC3,UQCRB,NDUFB2,MT-CYB,MT-ND1,COX4I1,SDHC,NDUFC1,VDAC1,MT-CO3,PINK1,MT-CO1,COX7C,COX5A,UQCRH,MT-ATP6,NDUFV1,SLC25A6,COX6B1,SLC25A4,ATP5PB,CYC1,NDUFA4,COX7A1,MT-ATP8,COX6C,NDUFS8,NDUFS5,NDUFB7,UBE2J1,LRRK2,NDUFA3,SNCA,PARK7,COX7A2L,PRKN,NDUFB6,UQCRC2,NDUFB10,NDUFA5,SLC18A2,NDUFS6,UQCR10,ATP5F1D,NDUFA6,MT-CO2,UQCRC1,MT-ND4,UBB,VDAC2,MT-ND2,UBE2J2",Rescue_p05
KEGG_REGULATION_OF_ACTIN_CYTOSKELETON,2.5629437400674502e-05,87,211,"ACTG1,FGF12,ITGA5,PIKFYVE,RRAS,ITGB5,PDGFB,RAC2,GNG12,ITGAV,ITGAM,MYL9,MYH10,BCAR1,FGF11,MYL12B,CRK,GSN,F2R,RAC3,PAK4,MAP2K1,CHRM3,SSH1,ACTN1,FGF5,ARHGAP35,ITGA11,ITGA1,HRAS,ITGB7,PDGFRA,MSN,PIP5K1C,VAV2,ITGA4,LIMK1,PPP1CA,DIAPH2,ARPC5,ROCK2,MYH9,PDGFC,PIK3CA,ITGA10,ACTN4,ITGB1,ITGA3,MRAS,PTK2,CSK,ARPC5L,PIK3R3,PAK1,MYL12A,ENAH,WASL,EZR,BRK1,FGF2,MAP2K2,PIK3CD,GNA13,F2,TMSB4X,PFN1,LIMK2,WASF1,ITGA7,APC2,PFN2,ACTB,GNA12,ITGB2,IQGAP3,PXN,ARPC2,PPP1CB,PPP1CC,MYLK,FN1,FGF1,PDGFA,PIP5K1B,FGF18,PDGFD,ITGA2",Rescue_p05
KEGG_CIRCADIAN_RHYTHM_MAMMAL,0.00011162187257616419,10,12,"NR1D1,ARNTL,CSNK1E,PER2,PER3,NPAS2,BHLHE41,CSNK1D,BHLHE40,CRY1",Rescue_p05
KEGG_PURINE_METABOLISM,0.0005991808023130762,62,153,"PDE1C,GUK1,PPAT,POLR2J3,POLR2J,PRPS2,DGUOK,NME4,PAPSS2,NME3,PKM,AK5,POLR2F,ADA,PDE1A,CANT1,APRT,RRM1,POLE2,NME5,POLR3C,POLR2B,AK4,PDE7B,POLR2L,GMPR,AK2,FHIT,ENTPD6,ADCY10,PRIM2,PDE8A,POLR2G,GDA,ADCY6,AK7,POLE4,POLR2H,ATIC,ENTPD5,POLR2A,GUCY1A2,AMPD3,ENPP1,POLR2E,POLR3B,ADCY7,GUCY1B1,NT5E,RRM2,PDE5A,PDE4D,POLD3,GMPS,POLE3,ITPA,PAICS,GMPR2,ADCY3,PNPT1,IMPDH1,NT5C",Rescue_p05
KEGG_OXIDATIVE_PHOSPHORYLATION,0.0009891016498987815,53,129,"ATP5F1E,UQCRQ,NDUFA1,ATP5MC2,MT-ND4L,COX5B,ATP5MC3,UQCRB,NDUFB2,MT-CYB,MT-ND1,COX4I1,SDHC,NDUFC1,MT-CO3,MT-CO1,COX7C,ATP5ME,COX5A,UQCRH,MT-ATP6,NDUFV1,COX6B1,ATP5PB,CYC1,NDUFA4,COX7A1,MT-ATP8,COX6C,NDUFS8,NDUFS5,NDUFB7,PPA2,NDUFA3,COX7A2L,ATP6V1G1,ATP6V1A,NDUFB6,UQCRC2,ATP6V0B,NDUFB10,NDUFA5,ATP6V0A4,NDUFS6,UQCR10,ATP5F1D,NDUFA6,MT-CO2,ATP6AP1,UQCRC1,MT-ND4,LHPP,MT-ND2",Rescue_p05
KEGG_ALZHEIMERS_DISEASE,0.0013003905505107791,64,163,"ATP5F1E,UQCRQ,NDUFA1,ATP5MC2,IDE,COX5B,ATP5MC3,NDUFB2,GAPDH,CAPN1,MT-CYB,COX4I1,SDHC,PLCB3,NDUFC1,CASP8,MT-CO3,EIF2AK3,MT-CO1,COX7C,COX5A,UQCRH,RYR3,FADD,MT-ATP6,CDK5R1,GRIN2A,NDUFV1,COX6B1,ITPR3,ATP5PB,GRIN2B,NDUFA4,COX7A1,CYC1,LRP1,CDK5,MT-ATP8,COX6C,NDUFS8,NDUFS5,NDUFB7,GRIN2C,NDUFA3,PLCB4,SNCA,COX7A2L,NDUFB6,UQCRC2,NDUFB10,NDUFA5,CACNA1D,NDUFS6,APH1A,UQCR10,ITPR1,CAPN2,ATP5F1D,BID,NDUFA6,MT-CO2,UQCRC1,UQCRB,TNF",Rescue_p05
KEGG_ERBB_SIGNALING_PATHWAY,0.0013120775839798287,38,87,"NCK1,PIK3R3,PAK1,ERBB2,ERBB4,RPS6KB2,PRKCG,TGFA,ABL1,HRAS,SRC,PRKCB,CBLB,SHC2,SHC1,CDKN1A,MAPK10,CBLC,CAMK2B,MAP2K2,PLCG2,CRK,NCK2,PIK3CA,STAT5A,ELK1,BTC,PIK3CD,MTOR,AKT1,PAK4,PTK2,SHC4,EIF4EBP1,MAP2K1,GRB2,GAB1,NRG1",Rescue_p05
KEGG_FC_GAMMA_R_MEDIATED_PHAGOCYTOSIS,0.0014711672963199187,41,96,"PAK1,PIK3R3,DNM2,RPS6KB2,MARCKSL1,PRKCG,PIKFYVE,DNM1,GAB2,WASL,PRKCB,ARPC2,PLPP3,RAC2,VASP,PIP5K1C,VAV2,LIMK1,FCGR2C,SPHK1,ASAP2,ARPC5,PLA2G4A,PLD1,PLCG2,AMPH,PIP5K1B,CRK,PIK3CA,GSN,PIK3CD,PLA2G6,MARCKS,AKT1,DOCK2,LIMK2,WASF1,MAP2K1,ARPC5L,ASAP1,MYO10",Rescue_p05
KEGG_PROSTATE_CANCER,0.004233485876069591,37,89,"AR,PIK3R3,CREB3L1,BCL2,ERBB2,CCND1,TGFA,HSP90AA1,FOXO1,HSP90AB1,HRAS,CREBBP,PDGFRA,MDM2,PDGFB,HSP90B1,LEF1,CREB3,GSTP1,CDKN1A,ATF4,E2F2,EP300,MAP2K2,CREB3L2,PDGFA,PDGFC,PIK3CA,PIK3CD,PDGFD,MTOR,RB1,IGF1R,AKT1,CCNE2,MAP2K1,GRB2",Rescue_p05
KEGG_GAP_JUNCTION,0.004233485876069591,37,89,"MAP2K5,PRKCG,MAPK7,PLCB3,HRAS,SRC,PDGFRA,GNAS,PRKCB,PDGFB,GNAI2,GNA11,ITPR3,CDK1,GJA1,TUBB,GRM1,ADCY6,TUBA1A,PRKG1,TUBB6,MAP2K2,PDGFA,PDGFC,GUCY1A2,PLCB4,TUBA4A,PDGFD,TJP1,ADCY7,GUCY1B1,PRKACA,ITPR1,MAP2K1,CSNK1D,ADCY3,GRB2",Rescue_p05
KEGG_DNA_REPLICATION,0.004360235847298862,18,36,"POLE2,MCM4,MCM3,RFC3,DNA2,LIG1,PCNA,RNASEH2C,POLE4,POLD3,MCM6,POLE3,RFC2,PRIM2,RPA2,RFC4,RNASEH2B,MCM5",Rescue_p05
KEGG_LYSINE_DEGRADATION,0.004364544719070068,21,44,"PLOD3,SUV39H2,AADAT,SETDB2,ACAT1,PLOD2,ALDH3A2,SETD2,NSD3,KMT5C,ECHS1,KMT5B,AASDHPPT,ASH1L,SETD7,KMT5A,EHMT1,PLOD1,AASS,SETDB1,AASDH",Rescue_p05
KEGG_SPLICEOSOME,0.005575791424496046,49,126,"PLRG1,SNRPB2,WBP11,SF3A1,LSM5,PRPF31,SF3A3,HSPA1B,TRA2B,SNRPA,SRSF7,SRSF10,SNRNP200,THOC1,CDC5L,PRPF8,LSM6,PRPF40A,SF3A2,SF3B4,AQR,SNRNP70,ALYREF,HSPA8,SRSF9,THOC2,SRSF5,SF3B1,EIF4A3,SNRPC,NCBP1,SNRPD2,PRPF38A,SF3B5,HNRNPU,HSPA6,U2AF1,HSPA1A,TXNL4A,TRA2A,LSM8,SNRPF,SF3B3,SNRPB,BCAS2,THOC3,PUF60,CRNKL1,LSM4",Rescue_p05
KEGG_RIBOSOME,3.0239510956831976e-24,60,86,"RPL39,RPS16,RPS6,RPL41,RPL27A,RPL30,RPS24,RPL24,RPL29,RPL18,RPS28,RPS3A,RPL37A,RPL35,RPL10A,RPS18,RPL12,RPL37,RPLP0,RPS19,FAU,RPL19,RPL23A,RPS5,RPL13,RPL5,RPL18A,RPL13A,RPS8,RPL8,RPL7,RPL14,RPLP1,RPL9,RPS15A,RPL36AL,RPS27A,RPLP2,RPSA,RPS20,RPL34,RPL27,RPS23,RPS2,RPS25,RPS9,RPS21,RPL31,RPL11,RPL28,RPL3,RPL7A,RPL36,RPS12,RPS7,RPS4Y1,RPS11,RPS29,RPS3,RPL10",Rescue_p01
KEGG_FOCAL_ADHESION,2.008891217697296e-09,74,198,"ACTG1,COL1A1,BCL2,PAK1,ERBB2,CCND1,ITGA5,ARHGAP35,ARHGAP5,ITGA11,ITGB5,COL6A6,MYL12A,SRC,HRAS,ITGB7,COL11A1,PRKCB,PARVB,PXN,PDGFB,VASP,PIP5K1C,PPP1CB,VAV2,PPP1CC,THBS1,ZYX,ITGA4,SHC1,LAMA3,FN1,ITGAV,PPP1CA,COL5A2,TNC,MYL9,BCAR1,LAMC2,COL5A1,RASGRF1,MYL12B,PDGFA,PDGFC,FLNB,ITGA10,COL4A2,VEGFB,ACTN4,ELK1,FLNC,PIK3CD,ITGB1,VEGFA,PARVA,RAPGEF1,PDGFD,ITGA3,COL4A1,ILK,IGF1R,AKT1,PAK4,FYN,COL4A4,FLNA,RELN,MAP2K1,CAPN2,ITGA7,LAMB1,SPP1,GRB2,ACTN1",Rescue_p01
KEGG_HUNTINGTONS_DISEASE,1.627587457861213e-08,66,177,"ATP5F1E,UQCRQ,NDUFA1,POLR2J3,CREB3L1,ATP5MC2,COX5B,ATP5MC3,NDUFB2,AP2S1,DCTN2,MT-CYB,COX4I1,PLCB3,NDUFC1,VDAC1,CASP8,SIN3A,CREBBP,POLR2L,UQCRH,MT-ATP6,CLTA,CREB3,NDUFV1,SLC25A6,COX6B1,SLC25A4,POLR2G,GRIN2B,DCTN4,COX7A1,PPARGC1A,NRF1,MT-ATP8,BAX,NDUFS8,EP300,HIP1,NDUFS5,CREB3L2,NDUFB7,POLR2H,DNALI1,POLR2A,NDUFA3,PLCB4,AP2A1,COX7A2L,CLTB,BDNF,POLR2E,SP1,AP2B1,TAF4B,NDUFS6,ITPR1,GPX1,UQCR10,TFAM,ATP5F1D,TGM2,NDUFA4,UQCRC1,UQCRB,VDAC2",Rescue_p01
KEGG_CELL_CYCLE,1.0439173493485157e-06,47,124,"TGFB1,ORC6,MCM3,ZBTB17,TTK,BUB1B,CCND1,TGFB2,ABL1,CDC25C,CREBBP,MDM2,CCNB1,CDC20,RBL1,CUL1,PCNA,MCM6,RBX1,CDC45,CDC25B,GADD45B,CDK1,CDKN1A,CCNH,ATM,E2F2,CCNA2,EP300,YWHAH,BUB1,CDC7,SMAD3,ESPL1,FZR1,ORC1,RAD21,STAG1,PLK1,ORC3,MCM4,PTTG1,PRKDC,SMC3,CDC14A,CCNB2,ATR",Rescue_p01
KEGG_ECM_RECEPTOR_INTERACTION,1.7002859591917646e-05,33,84,"COL1A1,ITGA5,ITGA11,ITGB5,COL6A6,ITGB7,COL11A1,DAG1,THBS1,ITGA4,HSPG2,LAMA3,FN1,ITGAV,COL5A2,TNC,LAMC2,SDC1,COL5A1,SDC3,HMMR,AGRN,COL4A2,ITGA10,ITGB1,ITGA3,COL4A1,SDC2,COL4A4,ITGA7,RELN,LAMB1,SPP1",Rescue_p01
KEGG_AXON_GUIDANCE,2.17103540383699e-05,45,129,"NTNG1,PAK1,SEMA3C,SEMA6C,CXCL12,NFATC1,SEMA4C,EPHA5,SRGAP2,ABL1,HRAS,EPHA3,SEMA4F,PLXNA1,EFNB3,GNAI2,PLXNB3,SEMA3F,SEMA3B,LIMK1,SEMA4A,SEMA7A,NRP1,L1CAM,CDK5,PLXNA3,NFATC2,RHOD,SEMA6D,ROBO1,NCK2,SLIT3,SRGAP3,ITGB1,NFAT5,SEMA5B,EPHB4,EPHB2,SEMA4B,PAK4,EPHA2,LIMK2,FYN,ABLIM3,NFATC3",Rescue_p01
KEGG_REGULATION_OF_ACTIN_CYTOSKELETON,3.967503930427657e-05,65,211,"PFN2,ACTG1,PAK1,GNA12,ITGA5,ARHGAP35,IQGAP3,PIKFYVE,RRAS,ITGA11,ITGB5,MYL12A,HRAS,ITGB7,ENAH,FGF5,PXN,ARPC2,PDGFB,MSN,PIP5K1C,PPP1CB,VAV2,PPP1CC,EZR,ITGA4,FN1,GNG12,LIMK1,ITGAV,PPP1CA,FGF1,MYL9,BRK1,BCAR1,FGF11,FGF2,MAP2K2,ARPC5,PDGFA,MYL12B,PIP5K1B,MYH9,PDGFC,FGF18,ITGA10,GSN,ACTN4,PIK3CD,PDGFD,ITGB1,GNA13,ITGA3,F2R,MRAS,PAK4,TMSB4X,PFN1,LIMK2,MAP2K1,CSK,ITGA7,APC2,SSH1,ACTN1",Rescue_p01
KEGG_CIRCADIAN_RHYTHM_MAMMAL,4.579783233170096e-05,9,12,"NR1D1,ARNTL,CSNK1E,PER2,PER3,NPAS2,BHLHE41,BHLHE40,CRY1",Rescue_p01
KEGG_PATHWAYS_IN_CANCER,8.141149253347754e-05,91,325,"MMP2,BIRC5,TGFA,HSP90AA1,BRCA2,PDGFB,ELOB,ITGAV,BAX,FGF11,E2F2,EP300,PLCG2,ARNT2,VEGFB,MECOM,COL4A1,AKT1,MAP2K1,FZD4,FGF5,ERBB2,CTBP1,HSP90AB1,HRAS,TPR,CASP8,PRKCB,RBX1,DAPK3,BCR,FOS,PPARD,PLD1,SMAD3,WNT9A,STAT5A,ITGB1,ITGA3,FZD2,RALA,DAPK2,DVL1,BCL2L1,AR,BCL2,HIF1A,TGFB2,EPAS1,ABL1,PIAS1,TRAF5,FADD,STAT1,STK36,CDKN1A,LAMC2,CCDC6,FGF2,MAP2K2,PIK3CD,VEGFA,MTOR,STAT3,LAMB1,APC2,GLI3,GRB2,TGFB1,CCND1,JUP,RARA,CREBBP,MDM2,CBLB,MSH2,HSP90B1,WNT2B,LAMA3,FN1,GSTP1,FGF1,NCOA4,SLC2A1,WNT5A,PDGFA,FGF18,COL4A2,IGF1R,COL4A4,FZD8",Rescue_p01
KEGG_PROSTATE_CANCER,0.0009176771663250544,30,89,"AR,BCL2,CREB3L1,ERBB2,CCND1,TGFA,HSP90AA1,HSP90AB1,HRAS,CREBBP,MDM2,PDGFB,HSP90B1,CREB3,GSTP1,CDKN1A,ATF4,E2F2,EP300,MAP2K2,CREB3L2,PDGFA,PDGFC,PIK3CD,PDGFD,MTOR,IGF1R,AKT1,MAP2K1,GRB2",Rescue_p01
KEGG_GAP_JUNCTION,0.0009176771663250544,30,89,"MAPK7,PLCB3,HRAS,SRC,PRKCB,GNAS,PDGFB,GNAI2,GNA11,ITPR3,CDK1,GJA1,TUBB,ADCY6,TUBA1A,PRKG1,TUBB6,MAP2K2,PDGFA,PDGFC,GUCY1A2,PLCB4,TUBA4A,PDGFD,TJP1,PRKACA,ITPR1,MAP2K1,ADCY3,GRB2",Rescue_p01
KEGG_ENDOCYTOSIS,0.0011799793890932431,52,180,"RNF41,ARFGAP1,DNM2,HSPA1B,AP2S1,PIKFYVE,SH3KBP1,EPN1,HRAS,SRC,RAB11B,MDM2,ACAP2,CBLB,HLA-A,CHMP5,ARAP1,PIP5K1C,PSD2,CLTA,HSPA8,HGS,RBSN,VPS28,PARD6G,HLA-C,SMURF2,SMURF1,ASAP2,SH3GL1,EHD3,PLD1,PIP5K1B,SH3GLB2,HSPA6,AGAP1,RAB11FIP5,AP2A1,CLTB,RAB11FIP3,AP2B1,SH3GL2,F2R,IGF1R,SH3GL3,EHD1,USP8,STAM,ACAP3,DNAJC6,EHD2,VPS37B",Rescue_p01
KEGG_PARKINSONS_DISEASE,0.001907099366748365,38,125,"ATP5F1E,UQCRQ,NDUFA1,ATP5MC2,COX5B,ATP5MC3,UQCRB,NDUFB2,MT-CYB,COX4I1,NDUFC1,VDAC1,PINK1,UQCRH,MT-ATP6,NDUFV1,SLC25A6,COX6B1,SLC25A4,COX7A1,MT-ATP8,NDUFS8,NDUFS5,NDUFB7,NDUFA3,SNCA,PARK7,COX7A2L,NDUFS6,UQCR10,ATP5F1D,NDUFA4,UQCRC1,MT-ND4,UBB,VDAC2,MT-ND2,UBE2J2",Rescue_p01
KEGG_RENAL_CELL_CARCINOMA,0.0022100205264709983,24,70,"TGFB1,PAK1,HIF1A,TGFB2,TGFA,EPAS1,HRAS,CREBBP,ELOB,PDGFB,RBX1,SLC2A1,EP300,MAP2K2,ARNT2,VEGFB,RAPGEF1,PIK3CD,VEGFA,AKT1,PAK4,MAP2K1,GRB2,GAB1",Rescue_p01
KEGG_MAPK_SIGNALING_PATHWAY,0.003301630303733819,70,267,"TGFB1,PAK1,GNA12,DUSP8,DUSP7,TAOK2,HSPB1,MAP3K8,MAP3K4,TGFB2,HSPA1B,MAPK7,JUND,DUSP1,RRAS,MAP3K11,HRAS,DUSP16,RASGRP1,PRKCB,STK3,PDGFB,NGF,HSPA8,CDC25B,NLK,NTRK2,GADD45B,GNG12,CACNB3,FGF1,NFATC2,ATF4,STMN1,FGF11,MAP4K4,FOS,MAPKAPK2,FGF2,MAP2K2,RPS6KA4,RASGRF1,PLA2G4A,PDGFA,MAP3K14,HSPA6,FLNB,FGF18,MECOM,FLNC,ELK1,RPS6KA5,BDNF,PLA2G6,DUSP4,PRKACA,CACNA1D,MAP3K12,AKT1,MAPK8IP3,MRAS,TAOK3,IL1R1,FLNA,MAP2K1,RAPGEF2,PPP5C,SRF,GRB2,FGF5",Rescue_p01
KEGG_FC_GAMMA_R_MEDIATED_PHAGOCYTOSIS,0.0034526700539336858,30,96,"PAK1,DNM2,RPS6KB2,MARCKSL1,PIKFYVE,GAB2,PRKCB,ARPC2,PLPP3,VASP,PIP5K1C,VAV2,LIMK1,SPHK1,ASAP2,ARPC5,PLA2G4A,PLD1,PLCG2,AMPH,PIP5K1B,GSN,PIK3CD,PLA2G6,MARCKS,AKT1,DOCK2,LIMK2,MAP2K1,MYO10",Rescue_p01
KEGG_ALZHEIMERS_DISEASE,0.0035995410249280335,46,163,"ATP5F1E,UQCRQ,NDUFA1,ATP5MC2,IDE,COX5B,ATP5MC3,NDUFB2,GAPDH,CAPN1,MT-CYB,COX4I1,PLCB3,NDUFC1,CASP8,EIF2AK3,UQCRH,FADD,MT-ATP6,GRIN2A,NDUFV1,COX6B1,ITPR3,GRIN2B,COX7A1,LRP1,CDK5,MT-ATP8,NDUFS8,NDUFS5,NDUFB7,NDUFA3,PLCB4,SNCA,COX7A2L,CACNA1D,NDUFS6,ITPR1,APH1A,UQCR10,CAPN2,ATP5F1D,NDUFA4,UQCRC1,UQCRB,CDK5R1",Rescue_p01
KEGG_GLYCOSAMINOGLYCAN_BIOSYNTHESIS_CHONDROITIN_SULFATE,0.004676223413080871,10,22,"CHPF,CHSY1,CHST14,CHPF2,B3GAT1,B3GALT6,XYLT2,CHST3,UST,B4GALT7",Rescue_p01
KEGG_ERBB_SIGNALING_PATHWAY,0.0059324183238470855,27,87,"PAK1,ERBB2,RPS6KB2,TGFA,ABL1,HRAS,SRC,PRKCB,CBLB,SHC1,CDKN1A,GAB1,CAMK2B,MAP2K2,PLCG2,NCK2,STAT5A,ELK1,PIK3CD,MTOR,AKT1,PAK4,EIF4EBP1,MAP2K1,GRB2,BTC,NRG1",Rescue_p01
KEGG_PURINE_METABOLISM,0.008745288968272806,42,153,"PDE1C,GUK1,PPAT,POLR2J3,DGUOK,NME4,PAPSS2,NME3,PKM,AK5,ADA,PDE1A,CANT1,APRT,RRM1,POLR3C,NME5,AK4,PDE7B,POLR2L,ENTPD6,AK2,FHIT,ADCY10,PRIM2,POLR2G,ADCY6,POLR2H,ATIC,GUCY1A2,POLR2A,AMPD3,ENPP1,POLR2E,NT5E,PDE4D,RRM2,POLD3,GMPR2,ADCY3,PNPT1,NT5C",Rescue_p01
